ARTÍCULO,CANTIDAD,,COLOMBIA,CANTIDAD,,MEXICO,CANTIDAD
AMANTINA 250ML,800,,AMINOÁCIDOS 20ML,1400,,AMANTIINA PREMIUM 100ML,440
AMANTINA 500ML,600,,AMINOÁCIDOS 50ML,4200,,AMANTINA PREMIUM 250ML,200
AMANTINA PREMIUM 100ML,200,,AMINOÁCIDOS 1L,100,,AMANTINA PREMIUM 500ML,1000
AMANTINA PREMIUM 250ML,1200,,AMINOÁCIDOS 5L,150,,ENERGIZANTE 100ML,2000
AMANTINA PREMIUM 500ML,6000,,ATP 35GR,500,,ENERGIZANTE 250ML,3500
AMINOÁCIDO 20ML,200,,COMPLEFOSEL 25ML,0,,ENERGIZANTE 500ML,0
AMINOÁCIDO 50 ML AVES,1650,,COMPLEFOSEL 100ML,1600,,ENERGIZANTE 500ML MANUAL ,0
AMINOÁCIDO 50 ML MASCOTA,5500,,COMPLEFOSEL 500ML,1500,,OLIVITASAN 100ML,0
AMINOÁCIDO 1L ,150,,OLIVITASAN 25ML,4000,,OLIVITASAN 300ML,100
AMINOÁCIDO 1L AVES,80,,OLIVITASAN 100ML ,4200,,OLIVITASAN 500ML,2200
AMINOÁCIDO 5L,300,,OLIVITASAN 500ML ,10500,,OLIVITASAN PLUS 50ML MANUAL ,1000
ANTITERMCO 1L,2100,,OLIVITASAN 500ML  MANUAL,800,,OLIVITASAN 500ML MANUAL,0
CALCITROVIT 500 ML MANUAL,1000,,OLIVITASAN PREMIUM 50ML,1000,,OLIVITASAN PLUS 250ML,0
CETRI-AMON 50ML,1000,,OLIVITASAN PREMIUM 500ML,9000,,OLIVITASAN PLUS 500ML,2500
CETRI-AMON 1L,1000,,,,,OLIVITASAN PLUS 500ML MANUAL,1000
CETRI-AMON 5L,750,,,,,COMPLEJO B B12B15 20ML,0
COMPLEJO B B12 B15 20ML,5500,,,,,,
COMPLEJO B B12 B15 100ML,0,,BOLIVIA,CANTIDAD,,,
COMPLEJO B B12 B15 250ML,6200,,OLIVITASAN 500ML,1000,,ECUADOR,CANTIDAD
COMPLEJO B HIERRO CERDO 25ML,1100,,OLIVITASAN 500ML MANUAL,400,,AMANTINA PREMIUM 100ML,0
COMPLEJO B HIERRO CERDO 100ML,3300,,OLIVITASAN PLUS 500ML,2000,,AMANTINA PREMIUM 250ML,0
COMPLEJO B HIERRO EQUINO 25ML,1000,,OLIVITASAN PLUS 500ML MANUAL,600,,AMINOÁCIDOS 1L AVES,50
COMPLEJO B HIERRO EQUINO 100ML,2200,,,,,OLIVITASAN PREMIUM 50ML,900
ENERGIZANTE 25ML,3300,,,,,OLIVITASAN PREMIUM 250ML,1000
ENERGIZANTE 100ML,0,,PARAGUAY,CANTIDAD,,,
ENERGIZANTE 250ML,2000,,ETIQUETA SUPEROLI 50ML,0,,,
ENERGIZANTE 250ML MANUAL,1000,,ETIQUETA SUPEROLI 250ML,500,,,
ENERGIZANTE 500ML,0,,ETIQUETA SUPEROLI 500ML,500,,,
ENERGIZANTE 500ML MANUAL ,500,,COMPLEFOSEL 500ML,300,,,
IMIDOSAN B12 25ML,0,,,,,,
IMIDOSAN B12 100ML,1650,,,,,,
IMIDOSAN B12 250ML,1200,,,,,,
JERINGA ATP 35GR,4500,,,,,,
OLIVITASAN 25ML,5000,,,,,,
OLIVITASAN 100ML,5500,,,,,,
OLIVITASAN 300ML,4000,,,,,,
OLIVITASAN 500ML,17600,,,,,,
OLIVITASAN PLUS 50ML,300,,,,,,
OLIVITASAN PLUS 250ML,2750,,,,,,
OLIVITASAN PLUS 500ML,19800,,,,,,
SUPERCOMPLEJO B 1L,200,,,,,,
SUPERCOMPLEJO B 1L AVES,500,,,,,,
SUPERCOMPLEJO B 1L EQUINOS,500,,,,,,
TILCOSAN 100ML,11500,,,,,,
TILCOSAN 250ML,1650,,,,,,
VITAMINA B1 100ML,2200,,,,,,
VITAMINA B12 50ML,800,,,,,,
VITAMINA B12 100ML,0,,,,,,